{"proxies":{"mve.notification.MveNotificationModule":{"superPackageName":"org.appcelerator.kroll","methods":{"scheduleNotification":{"runOnUiThread":false,"hasInvocation":false,"args":[{"converter":"org.appcelerator.kroll.KrollConverter","defaultValueProvider":"org.appcelerator.kroll.KrollConverter","name":"arg","sourceName":"arg","type":"org.appcelerator.kroll.KrollDict"}],"apiName":"scheduleNotification","converter":"org.appcelerator.kroll.KrollConverter","defaultValueProvider":"org.appcelerator.kroll.KrollConverter","name":"__default_name__","returnType":"void"},"cancelScheduledNotification":{"runOnUiThread":false,"hasInvocation":false,"args":[{"converter":"org.appcelerator.kroll.KrollConverter","defaultValueProvider":"org.appcelerator.kroll.KrollConverter","name":"requestCode","sourceName":"requestCode","type":"int"}],"apiName":"cancelScheduledNotification","converter":"org.appcelerator.kroll.KrollConverter","defaultValueProvider":"org.appcelerator.kroll.KrollConverter","name":"__default_name__","returnType":"void"},"cancelActiveNotification":{"runOnUiThread":false,"hasInvocation":false,"args":[{"converter":"org.appcelerator.kroll.KrollConverter","defaultValueProvider":"org.appcelerator.kroll.KrollConverter","name":"requestCode","sourceName":"requestCode","type":"int"}],"apiName":"cancelActiveNotification","converter":"org.appcelerator.kroll.KrollConverter","defaultValueProvider":"org.appcelerator.kroll.KrollConverter","name":"__default_name__","returnType":"void"},"setChannel":{"runOnUiThread":false,"hasInvocation":false,"args":[{"converter":"org.appcelerator.kroll.KrollConverter","defaultValueProvider":"org.appcelerator.kroll.KrollConverter","name":"arg","sourceName":"arg","type":"org.appcelerator.kroll.KrollDict"}],"apiName":"setChannel","converter":"org.appcelerator.kroll.KrollConverter","defaultValueProvider":"org.appcelerator.kroll.KrollConverter","name":"__default_name__","returnType":"void"}},"superProxyBindingClassName":"org.appcelerator.kroll.KrollModuleBindingGen","proxyClassName":"MveNotificationModule","proxyAttrs":{"propertyAccessors":[],"fullAPIName":"MveNotification","name":"MveNotification","proxyClassName":"mve.notification.MveNotificationModule","isTopLevel":false,"id":"mve.notification"},"packageName":"mve.notification","sourceName":"mve.notification.MveNotificationModuleBindingGen","constants":{"YEARLY":{"proxyName":"YEARLY","name":"YEARLY","type":"java.lang.String","value":"yearly"},"YEARLY_SECONDS":{"proxyName":"YEARLY_SECONDS","name":"YEARLY_SECONDS","type":"int","value":31536000},"WEEKLY":{"proxyName":"WEEKLY","name":"WEEKLY","type":"java.lang.String","value":"weekly"},"REPEAT":{"proxyName":"REPEAT","name":"REPEAT","type":"java.lang.String","value":"repeat"},"DAILY":{"proxyName":"DAILY","name":"DAILY","type":"java.lang.String","value":"daily"},"EXACT":{"proxyName":"EXACT","name":"EXACT","type":"java.lang.String","value":"exact"},"MONTHLY":{"proxyName":"MONTHLY","name":"MONTHLY","type":"java.lang.String","value":"monthly"},"INEXACT":{"proxyName":"INEXACT","name":"INEXACT","type":"java.lang.String","value":"inexact"},"HOURLY":{"proxyName":"HOURLY","name":"HOURLY","type":"java.lang.String","value":"hourly"},"IMPORTANCE_HIGH":{"proxyName":"IMPORTANCE_HIGH","name":"IMPORTANCE_HIGH","type":"java.lang.String","value":"high"},"IMPORTANCE_LOW":{"proxyName":"IMPORTANCE_LOW","name":"IMPORTANCE_LOW","type":"java.lang.String","value":"low"},"WEEKLY_SECONDS":{"proxyName":"WEEKLY_SECONDS","name":"WEEKLY_SECONDS","type":"int","value":604800},"MONTHLY_SECONDS":{"proxyName":"MONTHLY_SECONDS","name":"MONTHLY_SECONDS","type":"int","value":2628000},"DAILY_SECONDS":{"proxyName":"DAILY_SECONDS","name":"DAILY_SECONDS","type":"int","value":86400},"HOURLY_SECONDS":{"proxyName":"HOURLY_SECONDS","name":"HOURLY_SECONDS","type":"int","value":3600},"IMPORTANCE_DEFAULT":{"proxyName":"IMPORTANCE_DEFAULT","name":"IMPORTANCE_DEFAULT","type":"java.lang.String","value":"default"}},"superProxyClassName":"KrollModule","isModule":true,"genClassName":"MveNotificationModuleBindingGen","onAppCreate":"onAppCreate"}},"modules":{"mve.notification.MveNotificationModule":{"apiName":"MveNotification"}}}